Subject,Gender,Age,Race,Eth.Ori,Education,Spite,SSES,SRPS,SJS,Vignettes,Content,Justification,Realism
1,3,24,1,2,4,50,38,3.748251748,5,1,Sex,5,4
1,3,24,1,2,4,50,38,3.748251748,5,2,Sex,4,4
1,3,24,1,2,4,50,38,3.748251748,5,3,No_Sex,1,4
1,3,24,1,2,4,50,38,3.748251748,5,4,Sex,1,2
1,3,24,1,2,4,50,38,3.748251748,5,5,No_Sex,1,2
1,3,24,1,2,4,50,38,3.748251748,5,6,No_Sex,5,4
1,3,24,1,2,4,50,38,3.748251748,5,7,Sex,1,1
1,3,24,1,2,4,50,38,3.748251748,5,8,No_Sex,1,5
1,3,24,1,2,4,50,38,3.748251748,5,9,No_Sex,5,3
1,3,24,1,2,4,50,38,3.748251748,5,10,Sex,3,4
2,1,18,1,2,4,36,40,2.520979021,13,1,Sex,5,4
2,1,18,1,2,4,36,40,2.520979021,13,2,Sex,4,2
2,1,18,1,2,4,36,40,2.520979021,13,3,No_Sex,1,1
2,1,18,1,2,4,36,40,2.520979021,13,4,Sex,1,4
2,1,18,1,2,4,36,40,2.520979021,13,5,No_Sex,2,4
2,1,18,1,2,4,36,40,2.520979021,13,6,No_Sex,4,3
2,1,18,1,2,4,36,40,2.520979021,13,7,Sex,4,2
2,1,18,1,2,4,36,40,2.520979021,13,8,No_Sex,4,5
2,1,18,1,2,4,36,40,2.520979021,13,9,No_Sex,1,4
2,1,18,1,2,4,36,40,2.520979021,13,10,Sex,4,5
3,1,23,1,3,4,32,40,2.636363636,3,1,Sex,5,4
3,1,23,1,3,4,32,40,2.636363636,3,2,Sex,2,2
3,1,23,1,3,4,32,40,2.636363636,3,3,No_Sex,1,2
3,1,23,1,3,4,32,40,2.636363636,3,4,Sex,1,3
3,1,23,1,3,4,32,40,2.636363636,3,5,No_Sex,1,4
3,1,23,1,3,4,32,40,2.636363636,3,6,No_Sex,5,4
3,1,23,1,3,4,32,40,2.636363636,3,7,Sex,4,4
3,1,23,1,3,4,32,40,2.636363636,3,8,No_Sex,1,4
3,1,23,1,3,4,32,40,2.636363636,3,9,No_Sex,3,1
3,1,23,1,3,4,32,40,2.636363636,3,10,Sex,3,1
4,1,19,1,8,4,20,22,2.699300699,16,1,Sex,5,4
4,1,19,1,8,4,20,22,2.699300699,16,2,Sex,1,2
4,1,19,1,8,4,20,22,2.699300699,16,3,No_Sex,1,5
4,1,19,1,8,4,20,22,2.699300699,16,4,Sex,1,2
4,1,19,1,8,4,20,22,2.699300699,16,5,No_Sex,1,3
4,1,19,1,8,4,20,22,2.699300699,16,6,No_Sex,4,4
4,1,19,1,8,4,20,22,2.699300699,16,7,Sex,1,4
4,1,19,1,8,4,20,22,2.699300699,16,8,No_Sex,1,5
4,1,19,1,8,4,20,22,2.699300699,16,9,No_Sex,5,3
4,1,19,1,8,4,20,22,2.699300699,16,10,Sex,2,4
5,1,44,1,2,3,23,26,3.391608392,4,1,Sex,5,5
5,1,44,1,2,3,23,26,3.391608392,4,2,Sex,1,4
5,1,44,1,2,3,23,26,3.391608392,4,3,No_Sex,1,4
5,1,44,1,2,3,23,26,3.391608392,4,4,Sex,1,4
5,1,44,1,2,3,23,26,3.391608392,4,5,No_Sex,2,4
5,1,44,1,2,3,23,26,3.391608392,4,6,No_Sex,1,4
5,1,44,1,2,3,23,26,3.391608392,4,7,Sex,1,2
5,1,44,1,2,3,23,26,3.391608392,4,8,No_Sex,2,4
5,1,44,1,2,3,23,26,3.391608392,4,9,No_Sex,2,4
5,1,44,1,2,3,23,26,3.391608392,4,10,Sex,1,4
6,1,21,1,3,4,27,31,2.877622378,6,1,Sex,5,4
6,1,21,1,3,4,27,31,2.877622378,6,2,Sex,1,3
6,1,21,1,3,4,27,31,2.877622378,6,3,No_Sex,1,4
6,1,21,1,3,4,27,31,2.877622378,6,4,Sex,2,2
6,1,21,1,3,4,27,31,2.877622378,6,5,No_Sex,2,3
6,1,21,1,3,4,27,31,2.877622378,6,6,No_Sex,4,4
6,1,21,1,3,4,27,31,2.877622378,6,7,Sex,1,4
6,1,21,1,3,4,27,31,2.877622378,6,8,No_Sex,4,4
6,1,21,1,3,4,27,31,2.877622378,6,9,No_Sex,3,2
6,1,21,1,3,4,27,31,2.877622378,6,10,Sex,1,4
7,2,19,1,3,3,34,32,3.255244755,4,1,Sex,5,4
7,2,19,1,3,3,34,32,3.255244755,4,2,Sex,4,4
7,2,19,1,3,3,34,32,3.255244755,4,3,No_Sex,1,4
7,2,19,1,3,3,34,32,3.255244755,4,4,Sex,2,4
7,2,19,1,3,3,34,32,3.255244755,4,5,No_Sex,2,4
7,2,19,1,3,3,34,32,3.255244755,4,6,No_Sex,4,4
7,2,19,1,3,3,34,32,3.255244755,4,7,Sex,1,3
7,2,19,1,3,3,34,32,3.255244755,4,8,No_Sex,2,4
7,2,19,1,3,3,34,32,3.255244755,4,9,No_Sex,3,4
7,2,19,1,3,3,34,32,3.255244755,4,10,Sex,4,4
8,1,23,1,2,3,37,27,3.013986014,9,1,Sex,3,4
8,1,23,1,2,3,37,27,3.013986014,9,2,Sex,1,2
8,1,23,1,2,3,37,27,3.013986014,9,3,No_Sex,2,3
8,1,23,1,2,3,37,27,3.013986014,9,4,Sex,1,1
8,1,23,1,2,3,37,27,3.013986014,9,5,No_Sex,2,4
8,1,23,1,2,3,37,27,3.013986014,9,6,No_Sex,3,2
8,1,23,1,2,3,37,27,3.013986014,9,7,Sex,1,1
8,1,23,1,2,3,37,27,3.013986014,9,8,No_Sex,1,2
8,1,23,1,2,3,37,27,3.013986014,9,9,No_Sex,3,1
8,1,23,1,2,3,37,27,3.013986014,9,10,Sex,4,4
9,2,28,1,2,2,46,27,3.391608392,8,1,Sex,5,1
9,2,28,1,2,2,46,27,3.391608392,8,2,Sex,1,3
9,2,28,1,2,2,46,27,3.391608392,8,3,No_Sex,3,3
9,2,28,1,2,2,46,27,3.391608392,8,4,Sex,1,1
9,2,28,1,2,2,46,27,3.391608392,8,5,No_Sex,3,3
9,2,28,1,2,2,46,27,3.391608392,8,6,No_Sex,4,4
9,2,28,1,2,2,46,27,3.391608392,8,7,Sex,1,1
9,2,28,1,2,2,46,27,3.391608392,8,8,No_Sex,1,5
9,2,28,1,2,2,46,27,3.391608392,8,9,No_Sex,1,5
9,2,28,1,2,2,46,27,3.391608392,8,10,Sex,3,5
10,2,21,1,2,4,33,32,3.486013986,4,1,Sex,5,4
10,2,21,1,2,4,33,32,3.486013986,4,2,Sex,4,3
10,2,21,1,2,4,33,32,3.486013986,4,3,No_Sex,1,2
10,2,21,1,2,4,33,32,3.486013986,4,4,Sex,1,3
10,2,21,1,2,4,33,32,3.486013986,4,5,No_Sex,2,3
10,2,21,1,2,4,33,32,3.486013986,4,6,No_Sex,4,4
10,2,21,1,2,4,33,32,3.486013986,4,7,Sex,1,2
10,2,21,1,2,4,33,32,3.486013986,4,8,No_Sex,2,3
10,2,21,1,2,4,33,32,3.486013986,4,9,No_Sex,2,1
10,2,21,1,2,4,33,32,3.486013986,4,10,Sex,3,4
11,2,23,1,2,4,21,33,3.391608392,4,1,Sex,4,4
11,2,23,1,2,4,21,33,3.391608392,4,2,Sex,2,4
11,2,23,1,2,4,21,33,3.391608392,4,3,No_Sex,1,3
11,2,23,1,2,4,21,33,3.391608392,4,4,Sex,1,4
11,2,23,1,2,4,21,33,3.391608392,4,5,No_Sex,1,3
11,2,23,1,2,4,21,33,3.391608392,4,6,No_Sex,4,4
11,2,23,1,2,4,21,33,3.391608392,4,7,Sex,1,3
11,2,23,1,2,4,21,33,3.391608392,4,8,No_Sex,1,4
11,2,23,1,2,4,21,33,3.391608392,4,9,No_Sex,3,4
11,2,23,1,2,4,21,33,3.391608392,4,10,Sex,1,4
12,1,18,1,3,1,37,26,3.622377622,9,1,Sex,2,3
12,1,18,1,3,1,37,26,3.622377622,9,2,Sex,3,4
12,1,18,1,3,1,37,26,3.622377622,9,3,No_Sex,4,4
12,1,18,1,3,1,37,26,3.622377622,9,4,Sex,2,2
12,1,18,1,3,1,37,26,3.622377622,9,5,No_Sex,3,4
12,1,18,1,3,1,37,26,3.622377622,9,6,No_Sex,3,3
12,1,18,1,3,1,37,26,3.622377622,9,7,Sex,4,4
12,1,18,1,3,1,37,26,3.622377622,9,8,No_Sex,4,3
12,1,18,1,3,1,37,26,3.622377622,9,9,No_Sex,2,4
12,1,18,1,3,1,37,26,3.622377622,9,10,Sex,1,1
13,1,30,1,3,1,44,39,2.751748252,11,1,Sex,3,3
13,1,30,1,3,1,44,39,2.751748252,11,2,Sex,3,3
13,1,30,1,3,1,44,39,2.751748252,11,3,No_Sex,2,4
13,1,30,1,3,1,44,39,2.751748252,11,4,Sex,3,2
13,1,30,1,3,1,44,39,2.751748252,11,5,No_Sex,3,3
13,1,30,1,3,1,44,39,2.751748252,11,6,No_Sex,4,3
13,1,30,1,3,1,44,39,2.751748252,11,7,Sex,3,3
13,1,30,1,3,1,44,39,2.751748252,11,8,No_Sex,3,3
13,1,30,1,3,1,44,39,2.751748252,11,9,No_Sex,3,2
13,1,30,1,3,1,44,39,2.751748252,11,10,Sex,2,2
14,1,20,1,3,3,40,40,3.34965035,4,1,Sex,4,5
14,1,20,1,3,3,40,40,3.34965035,4,2,Sex,1,4
14,1,20,1,3,3,40,40,3.34965035,4,3,No_Sex,1,2
14,1,20,1,3,3,40,40,3.34965035,4,4,Sex,1,4
14,1,20,1,3,3,40,40,3.34965035,4,5,No_Sex,1,2
14,1,20,1,3,3,40,40,3.34965035,4,6,No_Sex,5,5
14,1,20,1,3,3,40,40,3.34965035,4,7,Sex,1,4
14,1,20,1,3,3,40,40,3.34965035,4,8,No_Sex,2,4
14,1,20,1,3,3,40,40,3.34965035,4,9,No_Sex,1,1
14,1,20,1,3,3,40,40,3.34965035,4,10,Sex,4,4
15,2,31,1,2,4,27,25,3.255244755,3,1,Sex,2,4
15,2,31,1,2,4,27,25,3.255244755,3,2,Sex,2,2
15,2,31,1,2,4,27,25,3.255244755,3,3,No_Sex,1,1
15,2,31,1,2,4,27,25,3.255244755,3,4,Sex,2,2
15,2,31,1,2,4,27,25,3.255244755,3,5,No_Sex,2,2
15,2,31,1,2,4,27,25,3.255244755,3,6,No_Sex,4,4
15,2,31,1,2,4,27,25,3.255244755,3,7,Sex,1,1
15,2,31,1,2,4,27,25,3.255244755,3,8,No_Sex,2,5
15,2,31,1,2,4,27,25,3.255244755,3,9,No_Sex,4,1
15,2,31,1,2,4,27,25,3.255244755,3,10,Sex,3,3
16,1,22,1,3,2,17,28,3.255244755,3,1,Sex,5,4
16,1,22,1,3,2,17,28,3.255244755,3,2,Sex,2,3
16,1,22,1,3,2,17,28,3.255244755,3,3,No_Sex,1,4
16,1,22,1,3,2,17,28,3.255244755,3,4,Sex,1,5
16,1,22,1,3,2,17,28,3.255244755,3,5,No_Sex,1,4
16,1,22,1,3,2,17,28,3.255244755,3,6,No_Sex,2,4
16,1,22,1,3,2,17,28,3.255244755,3,7,Sex,1,4
16,1,22,1,3,2,17,28,3.255244755,3,8,No_Sex,1,4
16,1,22,1,3,2,17,28,3.255244755,3,9,No_Sex,3,5
16,1,22,1,3,2,17,28,3.255244755,3,10,Sex,1,5
17,1,21,1,3,4,39,24,2.888111888,11,1,Sex,2,4
17,1,21,1,3,4,39,24,2.888111888,11,2,Sex,1,3
17,1,21,1,3,4,39,24,2.888111888,11,3,No_Sex,1,2
17,1,21,1,3,4,39,24,2.888111888,11,4,Sex,1,2
17,1,21,1,3,4,39,24,2.888111888,11,5,No_Sex,2,4
17,1,21,1,3,4,39,24,2.888111888,11,6,No_Sex,2,1
17,1,21,1,3,4,39,24,2.888111888,11,7,Sex,1,2
17,1,21,1,3,4,39,24,2.888111888,11,8,No_Sex,1,4
17,1,21,1,3,4,39,24,2.888111888,11,9,No_Sex,4,2
17,1,21,1,3,4,39,24,2.888111888,11,10,Sex,1,1
18,1,21,1,3,4,43,45,2.122377622,8,1,Sex,5,3
18,1,21,1,3,4,43,45,2.122377622,8,2,Sex,2,3
18,1,21,1,3,4,43,45,2.122377622,8,3,No_Sex,1,3
18,1,21,1,3,4,43,45,2.122377622,8,4,Sex,1,2
18,1,21,1,3,4,43,45,2.122377622,8,5,No_Sex,1,5
18,1,21,1,3,4,43,45,2.122377622,8,6,No_Sex,5,5
18,1,21,1,3,4,43,45,2.122377622,8,7,Sex,1,4
18,1,21,1,3,4,43,45,2.122377622,8,8,No_Sex,2,4
18,1,21,1,3,4,43,45,2.122377622,8,9,No_Sex,2,2
18,1,21,1,3,4,43,45,2.122377622,8,10,Sex,4,4
19,2,34,1,3,4,30,29,3.685314685,5,1,Sex,5,4
19,2,34,1,3,4,30,29,3.685314685,5,2,Sex,2,3
19,2,34,1,3,4,30,29,3.685314685,5,3,No_Sex,1,4
19,2,34,1,3,4,30,29,3.685314685,5,4,Sex,1,3
19,2,34,1,3,4,30,29,3.685314685,5,5,No_Sex,1,3
19,2,34,1,3,4,30,29,3.685314685,5,6,No_Sex,4,3
19,2,34,1,3,4,30,29,3.685314685,5,7,Sex,1,4
19,2,34,1,3,4,30,29,3.685314685,5,8,No_Sex,1,4
19,2,34,1,3,4,30,29,3.685314685,5,9,No_Sex,3,3
19,2,34,1,3,4,30,29,3.685314685,5,10,Sex,2,3
20,1,31,1,3,1,37,34,2.751748252,10,1,Sex,2,4
20,1,31,1,3,1,37,34,2.751748252,10,2,Sex,1,2
20,1,31,1,3,1,37,34,2.751748252,10,3,No_Sex,1,4
20,1,31,1,3,1,37,34,2.751748252,10,4,Sex,1,4
20,1,31,1,3,1,37,34,2.751748252,10,5,No_Sex,1,4
20,1,31,1,3,1,37,34,2.751748252,10,6,No_Sex,2,4
20,1,31,1,3,1,37,34,2.751748252,10,7,Sex,1,2
20,1,31,1,3,1,37,34,2.751748252,10,8,No_Sex,1,4
20,1,31,1,3,1,37,34,2.751748252,10,9,No_Sex,4,4
20,1,31,1,3,1,37,34,2.751748252,10,10,Sex,1,4
21,1,21,1,1,3,40,29,3.286713287,10,1,Sex,5,4
21,1,21,1,1,3,40,29,3.286713287,10,2,Sex,4,2
21,1,21,1,1,3,40,29,3.286713287,10,3,No_Sex,1,4
21,1,21,1,1,3,40,29,3.286713287,10,4,Sex,1,2
21,1,21,1,1,3,40,29,3.286713287,10,5,No_Sex,3,3
21,1,21,1,1,3,40,29,3.286713287,10,6,No_Sex,4,4
21,1,21,1,1,3,40,29,3.286713287,10,7,Sex,1,1
21,1,21,1,1,3,40,29,3.286713287,10,8,No_Sex,4,4
21,1,21,1,1,3,40,29,3.286713287,10,9,No_Sex,4,3
21,1,21,1,1,3,40,29,3.286713287,10,10,Sex,1,2
22,1,22,1,3,4,36,28,3.653846154,7,1,Sex,4,5
22,1,22,1,3,4,36,28,3.653846154,7,2,Sex,2,4
22,1,22,1,3,4,36,28,3.653846154,7,3,No_Sex,1,3
22,1,22,1,3,4,36,28,3.653846154,7,4,Sex,2,4
22,1,22,1,3,4,36,28,3.653846154,7,5,No_Sex,1,5
22,1,22,1,3,4,36,28,3.653846154,7,6,No_Sex,5,4
22,1,22,1,3,4,36,28,3.653846154,7,7,Sex,4,4
22,1,22,1,3,4,36,28,3.653846154,7,8,No_Sex,1,3
22,1,22,1,3,4,36,28,3.653846154,7,9,No_Sex,1,2
22,1,22,1,3,4,36,28,3.653846154,7,10,Sex,1,3
23,2,23,1,2,3,32,30,3.097902098,7,1,Sex,5,5
23,2,23,1,2,3,32,30,3.097902098,7,2,Sex,2,5
23,2,23,1,2,3,32,30,3.097902098,7,3,No_Sex,1,4
23,2,23,1,2,3,32,30,3.097902098,7,4,Sex,1,2
23,2,23,1,2,3,32,30,3.097902098,7,5,No_Sex,1,2
23,2,23,1,2,3,32,30,3.097902098,7,6,No_Sex,4,4
23,2,23,1,2,3,32,30,3.097902098,7,7,Sex,1,1
23,2,23,1,2,3,32,30,3.097902098,7,8,No_Sex,1,1
23,2,23,1,2,3,32,30,3.097902098,7,9,No_Sex,4,1
23,2,23,1,2,3,32,30,3.097902098,7,10,Sex,1,4
24,1,29,1,2,5,24,29,3.108391608,8,1,Sex,5,4
24,1,29,1,2,5,24,29,3.108391608,8,2,Sex,2,4
24,1,29,1,2,5,24,29,3.108391608,8,3,No_Sex,1,4
24,1,29,1,2,5,24,29,3.108391608,8,4,Sex,2,4
24,1,29,1,2,5,24,29,3.108391608,8,5,No_Sex,2,3
24,1,29,1,2,5,24,29,3.108391608,8,6,No_Sex,4,4
24,1,29,1,2,5,24,29,3.108391608,8,7,Sex,1,4
24,1,29,1,2,5,24,29,3.108391608,8,8,No_Sex,3,4
24,1,29,1,2,5,24,29,3.108391608,8,9,No_Sex,5,4
24,1,29,1,2,5,24,29,3.108391608,8,10,Sex,4,4
25,1,21,1,3,3,52,33,2.751748252,6,1,Sex,4,4
25,1,21,1,3,3,52,33,2.751748252,6,2,Sex,3,2
25,1,21,1,3,3,52,33,2.751748252,6,3,No_Sex,4,4
25,1,21,1,3,3,52,33,2.751748252,6,4,Sex,3,3
25,1,21,1,3,3,52,33,2.751748252,6,5,No_Sex,2,2
25,1,21,1,3,3,52,33,2.751748252,6,6,No_Sex,2,3
25,1,21,1,3,3,52,33,2.751748252,6,7,Sex,2,3
25,1,21,1,3,3,52,33,2.751748252,6,8,No_Sex,3,3
25,1,21,1,3,3,52,33,2.751748252,6,9,No_Sex,2,4
25,1,21,1,3,3,52,33,2.751748252,6,10,Sex,4,4
26,1,22,3,3,3,41,34,3.402097902,4,1,Sex,2,4
26,1,22,3,3,3,41,34,3.402097902,4,2,Sex,1,2
26,1,22,3,3,3,41,34,3.402097902,4,3,No_Sex,1,3
26,1,22,3,3,3,41,34,3.402097902,4,4,Sex,1,4
26,1,22,3,3,3,41,34,3.402097902,4,5,No_Sex,1,4
26,1,22,3,3,3,41,34,3.402097902,4,6,No_Sex,3,4
26,1,22,3,3,3,41,34,3.402097902,4,7,Sex,1,3
26,1,22,3,3,3,41,34,3.402097902,4,8,No_Sex,1,5
26,1,22,3,3,3,41,34,3.402097902,4,9,No_Sex,3,3
26,1,22,3,3,3,41,34,3.402097902,4,10,Sex,3,4
27,1,29,1,3,3,32,30,3.307692308,6,1,Sex,4,4
27,1,29,1,3,3,32,30,3.307692308,6,2,Sex,1,4
27,1,29,1,3,3,32,30,3.307692308,6,3,No_Sex,1,3
27,1,29,1,3,3,32,30,3.307692308,6,4,Sex,2,5
27,1,29,1,3,3,32,30,3.307692308,6,5,No_Sex,1,4
27,1,29,1,3,3,32,30,3.307692308,6,6,No_Sex,5,4
27,1,29,1,3,3,32,30,3.307692308,6,7,Sex,1,2
27,1,29,1,3,3,32,30,3.307692308,6,8,No_Sex,1,4
27,1,29,1,3,3,32,30,3.307692308,6,9,No_Sex,4,1
27,1,29,1,3,3,32,30,3.307692308,6,10,Sex,2,3
28,2,27,1,3,5,30,37,3.685314685,6,1,Sex,5,4
28,2,27,1,3,5,30,37,3.685314685,6,2,Sex,4,4
28,2,27,1,3,5,30,37,3.685314685,6,3,No_Sex,1,3
28,2,27,1,3,5,30,37,3.685314685,6,4,Sex,1,4
28,2,27,1,3,5,30,37,3.685314685,6,5,No_Sex,1,4
28,2,27,1,3,5,30,37,3.685314685,6,6,No_Sex,5,4
28,2,27,1,3,5,30,37,3.685314685,6,7,Sex,1,4
28,2,27,1,3,5,30,37,3.685314685,6,8,No_Sex,2,4
28,2,27,1,3,5,30,37,3.685314685,6,9,No_Sex,4,3
28,2,27,1,3,5,30,37,3.685314685,6,10,Sex,1,5
29,2,36,1,8,6,44,32,3.108391608,6,1,Sex,3,4
29,2,36,1,8,6,44,32,3.108391608,6,2,Sex,4,5
29,2,36,1,8,6,44,32,3.108391608,6,3,No_Sex,5,4
29,2,36,1,8,6,44,32,3.108391608,6,4,Sex,3,4
29,2,36,1,8,6,44,32,3.108391608,6,5,No_Sex,3,4
29,2,36,1,8,6,44,32,3.108391608,6,6,No_Sex,2,3
29,2,36,1,8,6,44,32,3.108391608,6,7,Sex,4,4
29,2,36,1,8,6,44,32,3.108391608,6,8,No_Sex,2,2
29,2,36,1,8,6,44,32,3.108391608,6,9,No_Sex,3,3
29,2,36,1,8,6,44,32,3.108391608,6,10,Sex,3,3
30,1,19,1,3,3,39,25,3.454545455,4,1,Sex,2,5
30,1,19,1,3,3,39,25,3.454545455,4,2,Sex,1,2
30,1,19,1,3,3,39,25,3.454545455,4,3,No_Sex,1,4
30,1,19,1,3,3,39,25,3.454545455,4,4,Sex,2,2
30,1,19,1,3,3,39,25,3.454545455,4,5,No_Sex,1,3
30,1,19,1,3,3,39,25,3.454545455,4,6,No_Sex,4,4
30,1,19,1,3,3,39,25,3.454545455,4,7,Sex,2,2
30,1,19,1,3,3,39,25,3.454545455,4,8,No_Sex,2,4
30,1,19,1,3,3,39,25,3.454545455,4,9,No_Sex,4,2
30,1,19,1,3,3,39,25,3.454545455,4,10,Sex,5,5
31,2,25,1,2,4,38,27,3.108391608,5,1,Sex,5,5
31,2,25,1,2,4,38,27,3.108391608,5,2,Sex,4,5
31,2,25,1,2,4,38,27,3.108391608,5,3,No_Sex,1,4
31,2,25,1,2,4,38,27,3.108391608,5,4,Sex,1,4
31,2,25,1,2,4,38,27,3.108391608,5,5,No_Sex,2,4
31,2,25,1,2,4,38,27,3.108391608,5,6,No_Sex,5,4
31,2,25,1,2,4,38,27,3.108391608,5,7,Sex,2,3
31,2,25,1,2,4,38,27,3.108391608,5,8,No_Sex,1,5
31,2,25,1,2,4,38,27,3.108391608,5,9,No_Sex,4,4
31,2,25,1,2,4,38,27,3.108391608,5,10,Sex,4,5
32,1,20,1,3,4,32,36,2.804195804,8,1,Sex,4,3
32,1,20,1,3,4,32,36,2.804195804,8,2,Sex,3,4
32,1,20,1,3,4,32,36,2.804195804,8,3,No_Sex,2,5
32,1,20,1,3,4,32,36,2.804195804,8,4,Sex,1,1
32,1,20,1,3,4,32,36,2.804195804,8,5,No_Sex,1,4
32,1,20,1,3,4,32,36,2.804195804,8,6,No_Sex,3,3
32,1,20,1,3,4,32,36,2.804195804,8,7,Sex,1,4
32,1,20,1,3,4,32,36,2.804195804,8,8,No_Sex,3,4
32,1,20,1,3,4,32,36,2.804195804,8,9,No_Sex,4,1
32,1,20,1,3,4,32,36,2.804195804,8,10,Sex,3,5
33,1,25,1,2,4,37,39,2.888111888,12,1,Sex,4,4
33,1,25,1,2,4,37,39,2.888111888,12,2,Sex,2,2
33,1,25,1,2,4,37,39,2.888111888,12,3,No_Sex,1,2
33,1,25,1,2,4,37,39,2.888111888,12,4,Sex,1,3
33,1,25,1,2,4,37,39,2.888111888,12,5,No_Sex,1,1
33,1,25,1,2,4,37,39,2.888111888,12,6,No_Sex,4,2
33,1,25,1,2,4,37,39,2.888111888,12,7,Sex,1,1
33,1,25,1,2,4,37,39,2.888111888,12,8,No_Sex,1,4
33,1,25,1,2,4,37,39,2.888111888,12,9,No_Sex,4,3
33,1,25,1,2,4,37,39,2.888111888,12,10,Sex,3,5
34,1,20,1,3,3,37,27,3.171328671,3,1,Sex,5,4
34,1,20,1,3,3,37,27,3.171328671,3,2,Sex,1,3
34,1,20,1,3,3,37,27,3.171328671,3,3,No_Sex,1,2
34,1,20,1,3,3,37,27,3.171328671,3,4,Sex,1,4
34,1,20,1,3,3,37,27,3.171328671,3,5,No_Sex,1,4
34,1,20,1,3,3,37,27,3.171328671,3,6,No_Sex,4,4
34,1,20,1,3,3,37,27,3.171328671,3,7,Sex,1,3
34,1,20,1,3,3,37,27,3.171328671,3,8,No_Sex,1,4
34,1,20,1,3,3,37,27,3.171328671,3,9,No_Sex,4,2
34,1,20,1,3,3,37,27,3.171328671,3,10,Sex,2,3
35,1,41,1,2,4,45,36,3.129370629,4,1,Sex,5,4
35,1,41,1,2,4,45,36,3.129370629,4,2,Sex,4,4
35,1,41,1,2,4,45,36,3.129370629,4,3,No_Sex,1,3
35,1,41,1,2,4,45,36,3.129370629,4,4,Sex,3,4
35,1,41,1,2,4,45,36,3.129370629,4,5,No_Sex,1,4
35,1,41,1,2,4,45,36,3.129370629,4,6,No_Sex,5,4
35,1,41,1,2,4,45,36,3.129370629,4,7,Sex,4,3
35,1,41,1,2,4,45,36,3.129370629,4,8,No_Sex,1,4
35,1,41,1,2,4,45,36,3.129370629,4,9,No_Sex,4,2
35,1,41,1,2,4,45,36,3.129370629,4,10,Sex,3,4
36,1,18,2,2,4,44,29,2.961538462,13,1,Sex,4,3
36,1,18,2,2,4,44,29,2.961538462,13,2,Sex,2,2
36,1,18,2,2,4,44,29,2.961538462,13,3,No_Sex,1,4
36,1,18,2,2,4,44,29,2.961538462,13,4,Sex,3,4
36,1,18,2,2,4,44,29,2.961538462,13,5,No_Sex,1,4
36,1,18,2,2,4,44,29,2.961538462,13,6,No_Sex,4,3
36,1,18,2,2,4,44,29,2.961538462,13,7,Sex,2,2
36,1,18,2,2,4,44,29,2.961538462,13,8,No_Sex,1,5
36,1,18,2,2,4,44,29,2.961538462,13,9,No_Sex,2,2
36,1,18,2,2,4,44,29,2.961538462,13,10,Sex,4,3
37,1,23,4,7,5,32,34,2.993006993,6,1,Sex,2,4
37,1,23,4,7,5,32,34,2.993006993,6,2,Sex,1,5
37,1,23,4,7,5,32,34,2.993006993,6,3,No_Sex,1,4
37,1,23,4,7,5,32,34,2.993006993,6,4,Sex,1,3
37,1,23,4,7,5,32,34,2.993006993,6,5,No_Sex,2,2
37,1,23,4,7,5,32,34,2.993006993,6,6,No_Sex,3,3
37,1,23,4,7,5,32,34,2.993006993,6,7,Sex,1,2
37,1,23,4,7,5,32,34,2.993006993,6,8,No_Sex,1,5
37,1,23,4,7,5,32,34,2.993006993,6,9,No_Sex,5,2
37,1,23,4,7,5,32,34,2.993006993,6,10,Sex,2,4
38,1,35,1,2,5,56,33,2.426573427,8,1,Sex,4,4
38,1,35,1,2,5,56,33,2.426573427,8,2,Sex,2,4
38,1,35,1,2,5,56,33,2.426573427,8,3,No_Sex,2,3
38,1,35,1,2,5,56,33,2.426573427,8,4,Sex,2,4
38,1,35,1,2,5,56,33,2.426573427,8,5,No_Sex,1,3
38,1,35,1,2,5,56,33,2.426573427,8,6,No_Sex,4,4
38,1,35,1,2,5,56,33,2.426573427,8,7,Sex,4,4
38,1,35,1,2,5,56,33,2.426573427,8,8,No_Sex,4,4
38,1,35,1,2,5,56,33,2.426573427,8,9,No_Sex,4,4
38,1,35,1,2,5,56,33,2.426573427,8,10,Sex,2,4
39,2,32,1,3,3,33,29,3.402097902,3,1,Sex,4,3
39,2,32,1,3,3,33,29,3.402097902,3,2,Sex,1,4
39,2,32,1,3,3,33,29,3.402097902,3,3,No_Sex,1,3
39,2,32,1,3,3,33,29,3.402097902,3,4,Sex,1,2
39,2,32,1,3,3,33,29,3.402097902,3,5,No_Sex,1,3
39,2,32,1,3,3,33,29,3.402097902,3,6,No_Sex,3,2
39,2,32,1,3,3,33,29,3.402097902,3,7,Sex,1,2
39,2,32,1,3,3,33,29,3.402097902,3,8,No_Sex,1,4
39,2,32,1,3,3,33,29,3.402097902,3,9,No_Sex,2,3
39,2,32,1,3,3,33,29,3.402097902,3,10,Sex,3,2
40,2,38,1,3,3,43,23,3.307692308,7,1,Sex,4,4
40,2,38,1,3,3,43,23,3.307692308,7,2,Sex,3,4
40,2,38,1,3,3,43,23,3.307692308,7,3,No_Sex,2,4
40,2,38,1,3,3,43,23,3.307692308,7,4,Sex,1,4
40,2,38,1,3,3,43,23,3.307692308,7,5,No_Sex,1,4
40,2,38,1,3,3,43,23,3.307692308,7,6,No_Sex,4,4
40,2,38,1,3,3,43,23,3.307692308,7,7,Sex,1,4
40,2,38,1,3,3,43,23,3.307692308,7,8,No_Sex,1,4
40,2,38,1,3,3,43,23,3.307692308,7,9,No_Sex,1,4
40,2,38,1,3,3,43,23,3.307692308,7,10,Sex,4,4
41,2,24,2,3,3,41,28,3.454545455,6,1,Sex,4,4
41,2,24,2,3,3,41,28,3.454545455,6,2,Sex,1,3
41,2,24,2,3,3,41,28,3.454545455,6,3,No_Sex,1,3
41,2,24,2,3,3,41,28,3.454545455,6,4,Sex,2,4
41,2,24,2,3,3,41,28,3.454545455,6,5,No_Sex,2,4
41,2,24,2,3,3,41,28,3.454545455,6,6,No_Sex,2,4
41,2,24,2,3,3,41,28,3.454545455,6,7,Sex,2,4
41,2,24,2,3,3,41,28,3.454545455,6,8,No_Sex,2,4
41,2,24,2,3,3,41,28,3.454545455,6,9,No_Sex,3,2
41,2,24,2,3,3,41,28,3.454545455,6,10,Sex,2,4
42,1,22,1,3,4,39,33,3.171328671,10,1,Sex,5,4
42,1,22,1,3,4,39,33,3.171328671,10,2,Sex,3,4
42,1,22,1,3,4,39,33,3.171328671,10,3,No_Sex,1,4
42,1,22,1,3,4,39,33,3.171328671,10,4,Sex,2,4
42,1,22,1,3,4,39,33,3.171328671,10,5,No_Sex,1,5
42,1,22,1,3,4,39,33,3.171328671,10,6,No_Sex,4,5
42,1,22,1,3,4,39,33,3.171328671,10,7,Sex,1,5
42,1,22,1,3,4,39,33,3.171328671,10,8,No_Sex,1,3
42,1,22,1,3,4,39,33,3.171328671,10,9,No_Sex,4,2
42,1,22,1,3,4,39,33,3.171328671,10,10,Sex,1,5
43,1,27,1,3,6,27,29,3.664335664,5,1,Sex,5,4
43,1,27,1,3,6,27,29,3.664335664,5,2,Sex,1,4
43,1,27,1,3,6,27,29,3.664335664,5,3,No_Sex,1,3
43,1,27,1,3,6,27,29,3.664335664,5,4,Sex,1,3
43,1,27,1,3,6,27,29,3.664335664,5,5,No_Sex,1,4
43,1,27,1,3,6,27,29,3.664335664,5,6,No_Sex,4,4
43,1,27,1,3,6,27,29,3.664335664,5,7,Sex,1,3
43,1,27,1,3,6,27,29,3.664335664,5,8,No_Sex,1,4
43,1,27,1,3,6,27,29,3.664335664,5,9,No_Sex,3,4
43,1,27,1,3,6,27,29,3.664335664,5,10,Sex,1,4
44,1,20,1,3,3,38,27,1.86013986,12,1,Sex,5,4
44,1,20,1,3,3,38,27,1.86013986,12,2,Sex,4,3
44,1,20,1,3,3,38,27,1.86013986,12,3,No_Sex,3,5
44,1,20,1,3,3,38,27,1.86013986,12,4,Sex,1,4
44,1,20,1,3,3,38,27,1.86013986,12,5,No_Sex,2,3
44,1,20,1,3,3,38,27,1.86013986,12,6,No_Sex,5,5
44,1,20,1,3,3,38,27,1.86013986,12,7,Sex,1,4
44,1,20,1,3,3,38,27,1.86013986,12,8,No_Sex,3,3
44,1,20,1,3,3,38,27,1.86013986,12,9,No_Sex,4,3
44,1,20,1,3,3,38,27,1.86013986,12,10,Sex,1,4
45,1,21,1,3,2,37,30,3.192307692,5,1,Sex,2,3
45,1,21,1,3,2,37,30,3.192307692,5,2,Sex,3,2
45,1,21,1,3,2,37,30,3.192307692,5,3,No_Sex,2,4
45,1,21,1,3,2,37,30,3.192307692,5,4,Sex,1,1
45,1,21,1,3,2,37,30,3.192307692,5,5,No_Sex,2,4
45,1,21,1,3,2,37,30,3.192307692,5,6,No_Sex,4,3
45,1,21,1,3,2,37,30,3.192307692,5,7,Sex,2,3
45,1,21,1,3,2,37,30,3.192307692,5,8,No_Sex,4,4
45,1,21,1,3,2,37,30,3.192307692,5,9,No_Sex,1,1
45,1,21,1,3,2,37,30,3.192307692,5,10,Sex,4,3
46,2,20,1,8,4,31,40,3.559440559,3,1,Sex,3,4
46,2,20,1,8,4,31,40,3.559440559,3,2,Sex,2,4
46,2,20,1,8,4,31,40,3.559440559,3,3,No_Sex,1,3
46,2,20,1,8,4,31,40,3.559440559,3,4,Sex,3,3
46,2,20,1,8,4,31,40,3.559440559,3,5,No_Sex,1,4
46,2,20,1,8,4,31,40,3.559440559,3,6,No_Sex,3,3
46,2,20,1,8,4,31,40,3.559440559,3,7,Sex,3,3
46,2,20,1,8,4,31,40,3.559440559,3,8,No_Sex,1,3
46,2,20,1,8,4,31,40,3.559440559,3,9,No_Sex,4,3
46,2,20,1,8,4,31,40,3.559440559,3,10,Sex,1,3
47,2,45,3,2,4,31,36,1,16,1,Sex,4,4
47,2,45,3,2,4,31,36,1,16,2,Sex,2,4
47,2,45,3,2,4,31,36,1,16,3,No_Sex,1,5
47,2,45,3,2,4,31,36,1,16,4,Sex,1,5
47,2,45,3,2,4,31,36,1,16,5,No_Sex,1,4
47,2,45,3,2,4,31,36,1,16,6,No_Sex,5,4
47,2,45,3,2,4,31,36,1,16,7,Sex,1,4
47,2,45,3,2,4,31,36,1,16,8,No_Sex,1,5
47,2,45,3,2,4,31,36,1,16,9,No_Sex,5,4
47,2,45,3,2,4,31,36,1,16,10,Sex,1,4
48,2,32,1,2,5,20,27,4,3,1,Sex,5,4
48,2,32,1,2,5,20,27,4,3,2,Sex,2,2
48,2,32,1,2,5,20,27,4,3,3,No_Sex,1,3
48,2,32,1,2,5,20,27,4,3,4,Sex,1,3
48,2,32,1,2,5,20,27,4,3,5,No_Sex,2,3
48,2,32,1,2,5,20,27,4,3,6,No_Sex,4,3
48,2,32,1,2,5,20,27,4,3,7,Sex,1,2
48,2,32,1,2,5,20,27,4,3,8,No_Sex,1,2
48,2,32,1,2,5,20,27,4,3,9,No_Sex,4,3
48,2,32,1,2,5,20,27,4,3,10,Sex,1,3
49,1,25,2,4,4,48,28,3.402097902,7,1,Sex,2,4
49,1,25,2,4,4,48,28,3.402097902,7,2,Sex,1,4
49,1,25,2,4,4,48,28,3.402097902,7,3,No_Sex,1,4
49,1,25,2,4,4,48,28,3.402097902,7,4,Sex,2,4
49,1,25,2,4,4,48,28,3.402097902,7,5,No_Sex,1,5
49,1,25,2,4,4,48,28,3.402097902,7,6,No_Sex,4,4
49,1,25,2,4,4,48,28,3.402097902,7,7,Sex,1,2
49,1,25,2,4,4,48,28,3.402097902,7,8,No_Sex,1,5
49,1,25,2,4,4,48,28,3.402097902,7,9,No_Sex,4,5
49,1,25,2,4,4,48,28,3.402097902,7,10,Sex,4,4
50,1,18,1,3,1,36,30,3.034965035,4,1,Sex,2,4
50,1,18,1,3,1,36,30,3.034965035,4,2,Sex,2,2
50,1,18,1,3,1,36,30,3.034965035,4,3,No_Sex,1,5
50,1,18,1,3,1,36,30,3.034965035,4,4,Sex,1,4
50,1,18,1,3,1,36,30,3.034965035,4,5,No_Sex,1,4
50,1,18,1,3,1,36,30,3.034965035,4,6,No_Sex,4,5
50,1,18,1,3,1,36,30,3.034965035,4,7,Sex,1,1
50,1,18,1,3,1,36,30,3.034965035,4,8,No_Sex,1,5
50,1,18,1,3,1,36,30,3.034965035,4,9,No_Sex,5,2
50,1,18,1,3,1,36,30,3.034965035,4,10,Sex,1,4
51,1,18,1,3,3,42,49,2.867132867,7,1,Sex,5,4
51,1,18,1,3,3,42,49,2.867132867,7,2,Sex,5,2
51,1,18,1,3,3,42,49,2.867132867,7,3,No_Sex,1,4
51,1,18,1,3,3,42,49,2.867132867,7,4,Sex,4,1
51,1,18,1,3,3,42,49,2.867132867,7,5,No_Sex,1,4
51,1,18,1,3,3,42,49,2.867132867,7,6,No_Sex,5,4
51,1,18,1,3,3,42,49,2.867132867,7,7,Sex,2,1
51,1,18,1,3,3,42,49,2.867132867,7,8,No_Sex,1,5
51,1,18,1,3,3,42,49,2.867132867,7,9,No_Sex,1,1
51,1,18,1,3,3,42,49,2.867132867,7,10,Sex,2,2
52,2,28,1,3,4,18,48,3.559440559,3,1,Sex,2,4
52,2,28,1,3,4,18,48,3.559440559,3,2,Sex,1,2
52,2,28,1,3,4,18,48,3.559440559,3,3,No_Sex,1,2
52,2,28,1,3,4,18,48,3.559440559,3,4,Sex,1,2
52,2,28,1,3,4,18,48,3.559440559,3,5,No_Sex,1,4
52,2,28,1,3,4,18,48,3.559440559,3,6,No_Sex,4,4
52,2,28,1,3,4,18,48,3.559440559,3,7,Sex,1,1
52,2,28,1,3,4,18,48,3.559440559,3,8,No_Sex,1,4
52,2,28,1,3,4,18,48,3.559440559,3,9,No_Sex,4,2
52,2,28,1,3,4,18,48,3.559440559,3,10,Sex,2,2
53,2,19,1,3,4,22,29,3.685314685,3,1,Sex,5,5
53,2,19,1,3,4,22,29,3.685314685,3,2,Sex,1,4
53,2,19,1,3,4,22,29,3.685314685,3,3,No_Sex,1,4
53,2,19,1,3,4,22,29,3.685314685,3,4,Sex,1,3
53,2,19,1,3,4,22,29,3.685314685,3,5,No_Sex,2,4
53,2,19,1,3,4,22,29,3.685314685,3,6,No_Sex,5,4
53,2,19,1,3,4,22,29,3.685314685,3,7,Sex,1,3
53,2,19,1,3,4,22,29,3.685314685,3,8,No_Sex,1,5
53,2,19,1,3,4,22,29,3.685314685,3,9,No_Sex,5,3
53,2,19,1,3,4,22,29,3.685314685,3,10,Sex,1,4
54,1,18,1,3,1,39,36,3.307692308,7,1,Sex,4,5
54,1,18,1,3,1,39,36,3.307692308,7,2,Sex,1,4
54,1,18,1,3,1,39,36,3.307692308,7,3,No_Sex,1,4
54,1,18,1,3,1,39,36,3.307692308,7,4,Sex,1,2
54,1,18,1,3,1,39,36,3.307692308,7,5,No_Sex,1,5
54,1,18,1,3,1,39,36,3.307692308,7,6,No_Sex,4,3
54,1,18,1,3,1,39,36,3.307692308,7,7,Sex,1,2
54,1,18,1,3,1,39,36,3.307692308,7,8,No_Sex,1,5
54,1,18,1,3,1,39,36,3.307692308,7,9,No_Sex,2,4
54,1,18,1,3,1,39,36,3.307692308,7,10,Sex,2,2
55,2,21,1,3,2,41,33,3.402097902,6,1,Sex,5,4
55,2,21,1,3,2,41,33,3.402097902,6,2,Sex,4,4
55,2,21,1,3,2,41,33,3.402097902,6,3,No_Sex,1,2
55,2,21,1,3,2,41,33,3.402097902,6,4,Sex,3,2
55,2,21,1,3,2,41,33,3.402097902,6,5,No_Sex,1,4
55,2,21,1,3,2,41,33,3.402097902,6,6,No_Sex,5,4
55,2,21,1,3,2,41,33,3.402097902,6,7,Sex,2,3
55,2,21,1,3,2,41,33,3.402097902,6,8,No_Sex,1,4
55,2,21,1,3,2,41,33,3.402097902,6,9,No_Sex,5,2
55,2,21,1,3,2,41,33,3.402097902,6,10,Sex,2,3
56,2,22,1,3,5,26,49,3.412587413,6,1,Sex,4,4
56,2,22,1,3,5,26,49,3.412587413,6,2,Sex,1,2
56,2,22,1,3,5,26,49,3.412587413,6,3,No_Sex,1,2
56,2,22,1,3,5,26,49,3.412587413,6,4,Sex,1,2
56,2,22,1,3,5,26,49,3.412587413,6,5,No_Sex,1,2
56,2,22,1,3,5,26,49,3.412587413,6,6,No_Sex,4,4
56,2,22,1,3,5,26,49,3.412587413,6,7,Sex,1,2
56,2,22,1,3,5,26,49,3.412587413,6,8,No_Sex,3,3
56,2,22,1,3,5,26,49,3.412587413,6,9,No_Sex,3,3
56,2,22,1,3,5,26,49,3.412587413,6,10,Sex,1,2
57,2,46,1,3,4,33,33,3.548951049,9,1,Sex,5,3
57,2,46,1,3,4,33,33,3.548951049,9,2,Sex,1,2
57,2,46,1,3,4,33,33,3.548951049,9,3,No_Sex,1,4
57,2,46,1,3,4,33,33,3.548951049,9,4,Sex,1,3
57,2,46,1,3,4,33,33,3.548951049,9,5,No_Sex,3,4
57,2,46,1,3,4,33,33,3.548951049,9,6,No_Sex,4,4
57,2,46,1,3,4,33,33,3.548951049,9,7,Sex,1,3
57,2,46,1,3,4,33,33,3.548951049,9,8,No_Sex,4,5
57,2,46,1,3,4,33,33,3.548951049,9,9,No_Sex,2,1
57,2,46,1,3,4,33,33,3.548951049,9,10,Sex,4,4
58,1,32,2,3,4,36,23,3.255244755,4,1,Sex,4,4
58,1,32,2,3,4,36,23,3.255244755,4,2,Sex,4,4
58,1,32,2,3,4,36,23,3.255244755,4,3,No_Sex,1,4
58,1,32,2,3,4,36,23,3.255244755,4,4,Sex,3,4
58,1,32,2,3,4,36,23,3.255244755,4,5,No_Sex,1,4
58,1,32,2,3,4,36,23,3.255244755,4,6,No_Sex,4,4
58,1,32,2,3,4,36,23,3.255244755,4,7,Sex,4,4
58,1,32,2,3,4,36,23,3.255244755,4,8,No_Sex,1,4
58,1,32,2,3,4,36,23,3.255244755,4,9,No_Sex,4,4
58,1,32,2,3,4,36,23,3.255244755,4,10,Sex,1,4
59,2,26,1,3,4,17,35,3.517482517,10,1,Sex,5,5
59,2,26,1,3,4,17,35,3.517482517,10,2,Sex,1,4
59,2,26,1,3,4,17,35,3.517482517,10,3,No_Sex,1,2
59,2,26,1,3,4,17,35,3.517482517,10,4,Sex,1,4
59,2,26,1,3,4,17,35,3.517482517,10,5,No_Sex,1,2
59,2,26,1,3,4,17,35,3.517482517,10,6,No_Sex,5,2
59,2,26,1,3,4,17,35,3.517482517,10,7,Sex,1,2
59,2,26,1,3,4,17,35,3.517482517,10,8,No_Sex,2,4
59,2,26,1,3,4,17,35,3.517482517,10,9,No_Sex,3,1
59,2,26,1,3,4,17,35,3.517482517,10,10,Sex,1,5
60,1,18,1,3,3,38,29,2.342657343,6,1,Sex,5,4
60,1,18,1,3,3,38,29,2.342657343,6,2,Sex,1,3
60,1,18,1,3,3,38,29,2.342657343,6,3,No_Sex,1,4
60,1,18,1,3,3,38,29,2.342657343,6,4,Sex,1,5
60,1,18,1,3,3,38,29,2.342657343,6,5,No_Sex,4,4
60,1,18,1,3,3,38,29,2.342657343,6,6,No_Sex,2,4
60,1,18,1,3,3,38,29,2.342657343,6,7,Sex,2,4
60,1,18,1,3,3,38,29,2.342657343,6,8,No_Sex,1,5
60,1,18,1,3,3,38,29,2.342657343,6,9,No_Sex,5,5
60,1,18,1,3,3,38,29,2.342657343,6,10,Sex,4,4
61,1,19,1,3,3,39,30,3.013986014,10,1,Sex,4,4
61,1,19,1,3,3,39,30,3.013986014,10,2,Sex,3,4
61,1,19,1,3,3,39,30,3.013986014,10,3,No_Sex,1,3
61,1,19,1,3,3,39,30,3.013986014,10,4,Sex,2,3
61,1,19,1,3,3,39,30,3.013986014,10,5,No_Sex,1,3
61,1,19,1,3,3,39,30,3.013986014,10,6,No_Sex,4,4
61,1,19,1,3,3,39,30,3.013986014,10,7,Sex,3,4
61,1,19,1,3,3,39,30,3.013986014,10,8,No_Sex,3,4
61,1,19,1,3,3,39,30,3.013986014,10,9,No_Sex,4,3
61,1,19,1,3,3,39,30,3.013986014,10,10,Sex,3,3
62,1,22,1,3,4,28,45,3.181818182,8,1,Sex,2,4
62,1,22,1,3,4,28,45,3.181818182,8,2,Sex,1,3
62,1,22,1,3,4,28,45,3.181818182,8,3,No_Sex,1,4
62,1,22,1,3,4,28,45,3.181818182,8,4,Sex,1,2
62,1,22,1,3,4,28,45,3.181818182,8,5,No_Sex,4,1
62,1,22,1,3,4,28,45,3.181818182,8,6,No_Sex,5,2
62,1,22,1,3,4,28,45,3.181818182,8,7,Sex,1,3
62,1,22,1,3,4,28,45,3.181818182,8,8,No_Sex,1,5
62,1,22,1,3,4,28,45,3.181818182,8,9,No_Sex,4,1
62,1,22,1,3,4,28,45,3.181818182,8,10,Sex,1,3
63,2,38,1,2,2,24,36,3.685314685,4,1,Sex,5,5
63,2,38,1,2,2,24,36,3.685314685,4,2,Sex,4,4
63,2,38,1,2,2,24,36,3.685314685,4,3,No_Sex,1,4
63,2,38,1,2,2,24,36,3.685314685,4,4,Sex,4,4
63,2,38,1,2,2,24,36,3.685314685,4,5,No_Sex,1,4
63,2,38,1,2,2,24,36,3.685314685,4,6,No_Sex,5,4
63,2,38,1,2,2,24,36,3.685314685,4,7,Sex,4,2
63,2,38,1,2,2,24,36,3.685314685,4,8,No_Sex,1,4
63,2,38,1,2,2,24,36,3.685314685,4,9,No_Sex,4,2
63,2,38,1,2,2,24,36,3.685314685,4,10,Sex,1,2
64,2,20,1,3,3,46,26,3.412587413,3,1,Sex,4,4
64,2,20,1,3,3,46,26,3.412587413,3,2,Sex,1,3
64,2,20,1,3,3,46,26,3.412587413,3,3,No_Sex,1,2
64,2,20,1,3,3,46,26,3.412587413,3,4,Sex,2,4
64,2,20,1,3,3,46,26,3.412587413,3,5,No_Sex,1,5
64,2,20,1,3,3,46,26,3.412587413,3,6,No_Sex,4,4
64,2,20,1,3,3,46,26,3.412587413,3,7,Sex,3,2
64,2,20,1,3,3,46,26,3.412587413,3,8,No_Sex,2,5
64,2,20,1,3,3,46,26,3.412587413,3,9,No_Sex,4,3
64,2,20,1,3,3,46,26,3.412587413,3,10,Sex,2,4
65,1,36,1,3,4,19,37,1.807692308,14,1,Sex,1,3
65,1,36,1,3,4,19,37,1.807692308,14,2,Sex,1,3
65,1,36,1,3,4,19,37,1.807692308,14,3,No_Sex,1,2
65,1,36,1,3,4,19,37,1.807692308,14,4,Sex,1,2
65,1,36,1,3,4,19,37,1.807692308,14,5,No_Sex,1,4
65,1,36,1,3,4,19,37,1.807692308,14,6,No_Sex,5,4
65,1,36,1,3,4,19,37,1.807692308,14,7,Sex,4,4
65,1,36,1,3,4,19,37,1.807692308,14,8,No_Sex,5,5
65,1,36,1,3,4,19,37,1.807692308,14,9,No_Sex,2,2
65,1,36,1,3,4,19,37,1.807692308,14,10,Sex,2,4
66,2,34,1,3,4,39,37,3.653846154,5,1,Sex,4,3
66,2,34,1,3,4,39,37,3.653846154,5,2,Sex,4,2
66,2,34,1,3,4,39,37,3.653846154,5,3,No_Sex,1,2
66,2,34,1,3,4,39,37,3.653846154,5,4,Sex,1,4
66,2,34,1,3,4,39,37,3.653846154,5,5,No_Sex,2,4
66,2,34,1,3,4,39,37,3.653846154,5,6,No_Sex,2,2
66,2,34,1,3,4,39,37,3.653846154,5,7,Sex,1,2
66,2,34,1,3,4,39,37,3.653846154,5,8,No_Sex,1,2
66,2,34,1,3,4,39,37,3.653846154,5,9,No_Sex,3,3
66,2,34,1,3,4,39,37,3.653846154,5,10,Sex,2,4
67,1,19,1,2,4,35,43,2.646853147,11,1,Sex,2,3
67,1,19,1,2,4,35,43,2.646853147,11,2,Sex,1,4
67,1,19,1,2,4,35,43,2.646853147,11,3,No_Sex,1,2
67,1,19,1,2,4,35,43,2.646853147,11,4,Sex,1,2
67,1,19,1,2,4,35,43,2.646853147,11,5,No_Sex,2,3
67,1,19,1,2,4,35,43,2.646853147,11,6,No_Sex,3,4
67,1,19,1,2,4,35,43,2.646853147,11,7,Sex,2,2
67,1,19,1,2,4,35,43,2.646853147,11,8,No_Sex,3,4
67,1,19,1,2,4,35,43,2.646853147,11,9,No_Sex,1,2
67,1,19,1,2,4,35,43,2.646853147,11,10,Sex,4,2
68,1,22,1,3,4,36,22,2.793706294,12,1,Sex,2,2
68,1,22,1,3,4,36,22,2.793706294,12,2,Sex,1,2
68,1,22,1,3,4,36,22,2.793706294,12,3,No_Sex,3,3
68,1,22,1,3,4,36,22,2.793706294,12,4,Sex,1,4
68,1,22,1,3,4,36,22,2.793706294,12,5,No_Sex,4,4
68,1,22,1,3,4,36,22,2.793706294,12,6,No_Sex,1,2
68,1,22,1,3,4,36,22,2.793706294,12,7,Sex,2,2
68,1,22,1,3,4,36,22,2.793706294,12,8,No_Sex,2,4
68,1,22,1,3,4,36,22,2.793706294,12,9,No_Sex,5,2
68,1,22,1,3,4,36,22,2.793706294,12,10,Sex,1,2
69,1,20,1,3,2,37,19,2.877622378,4,1,Sex,2,2
69,1,20,1,3,2,37,19,2.877622378,4,2,Sex,1,2
69,1,20,1,3,2,37,19,2.877622378,4,3,No_Sex,1,4
69,1,20,1,3,2,37,19,2.877622378,4,4,Sex,1,2
69,1,20,1,3,2,37,19,2.877622378,4,5,No_Sex,1,5
69,1,20,1,3,2,37,19,2.877622378,4,6,No_Sex,4,5
69,1,20,1,3,2,37,19,2.877622378,4,7,Sex,1,2
69,1,20,1,3,2,37,19,2.877622378,4,8,No_Sex,2,4
69,1,20,1,3,2,37,19,2.877622378,4,9,No_Sex,3,3
69,1,20,1,3,2,37,19,2.877622378,4,10,Sex,4,4
70,2,25,1,3,5,47,23,3.527972028,8,1,Sex,2,4
70,2,25,1,3,5,47,23,3.527972028,8,2,Sex,2,4
70,2,25,1,3,5,47,23,3.527972028,8,3,No_Sex,1,4
70,2,25,1,3,5,47,23,3.527972028,8,4,Sex,4,5
70,2,25,1,3,5,47,23,3.527972028,8,5,No_Sex,1,3
70,2,25,1,3,5,47,23,3.527972028,8,6,No_Sex,5,5
70,2,25,1,3,5,47,23,3.527972028,8,7,Sex,2,1
70,2,25,1,3,5,47,23,3.527972028,8,8,No_Sex,1,5
70,2,25,1,3,5,47,23,3.527972028,8,9,No_Sex,4,2
70,2,25,1,3,5,47,23,3.527972028,8,10,Sex,1,4
71,3,27,1,3,5,42,39,3.223776224,9,1,Sex,5,4
71,3,27,1,3,5,42,39,3.223776224,9,2,Sex,2,2
71,3,27,1,3,5,42,39,3.223776224,9,3,No_Sex,1,2
71,3,27,1,3,5,42,39,3.223776224,9,4,Sex,1,4
71,3,27,1,3,5,42,39,3.223776224,9,5,No_Sex,1,4
71,3,27,1,3,5,42,39,3.223776224,9,6,No_Sex,4,4
71,3,27,1,3,5,42,39,3.223776224,9,7,Sex,1,4
71,3,27,1,3,5,42,39,3.223776224,9,8,No_Sex,3,4
71,3,27,1,3,5,42,39,3.223776224,9,9,No_Sex,4,2
71,3,27,1,3,5,42,39,3.223776224,9,10,Sex,2,4
72,1,28,1,3,4,31,34,3.045454545,6,1,Sex,5,4
72,1,28,1,3,4,31,34,3.045454545,6,2,Sex,1,4
72,1,28,1,3,4,31,34,3.045454545,6,3,No_Sex,1,2
72,1,28,1,3,4,31,34,3.045454545,6,4,Sex,1,2
72,1,28,1,3,4,31,34,3.045454545,6,5,No_Sex,1,4
72,1,28,1,3,4,31,34,3.045454545,6,6,No_Sex,5,3
72,1,28,1,3,4,31,34,3.045454545,6,7,Sex,1,2
72,1,28,1,3,4,31,34,3.045454545,6,8,No_Sex,1,4
72,1,28,1,3,4,31,34,3.045454545,6,9,No_Sex,3,1
72,1,28,1,3,4,31,34,3.045454545,6,10,Sex,3,1
73,1,18,1,3,3,53,30,3.013986014,11,1,Sex,4,4
73,1,18,1,3,3,53,30,3.013986014,11,2,Sex,4,3
73,1,18,1,3,3,53,30,3.013986014,11,3,No_Sex,4,5
73,1,18,1,3,3,53,30,3.013986014,11,4,Sex,5,5
73,1,18,1,3,3,53,30,3.013986014,11,5,No_Sex,2,4
73,1,18,1,3,3,53,30,3.013986014,11,6,No_Sex,4,2
73,1,18,1,3,3,53,30,3.013986014,11,7,Sex,2,2
73,1,18,1,3,3,53,30,3.013986014,11,8,No_Sex,4,3
73,1,18,1,3,3,53,30,3.013986014,11,9,No_Sex,4,4
73,1,18,1,3,3,53,30,3.013986014,11,10,Sex,2,1
74,1,20,1,3,1,44,23,2.91958042,11,1,Sex,5,5
74,1,20,1,3,1,44,23,2.91958042,11,2,Sex,2,4
74,1,20,1,3,1,44,23,2.91958042,11,3,No_Sex,1,5
74,1,20,1,3,1,44,23,2.91958042,11,4,Sex,1,4
74,1,20,1,3,1,44,23,2.91958042,11,5,No_Sex,1,3
74,1,20,1,3,1,44,23,2.91958042,11,6,No_Sex,5,4
74,1,20,1,3,1,44,23,2.91958042,11,7,Sex,1,4
74,1,20,1,3,1,44,23,2.91958042,11,8,No_Sex,1,4
74,1,20,1,3,1,44,23,2.91958042,11,9,No_Sex,5,4
74,1,20,1,3,1,44,23,2.91958042,11,10,Sex,1,2
75,2,35,1,3,4,26,36,3.045454545,6,1,Sex,5,4
75,2,35,1,3,4,26,36,3.045454545,6,2,Sex,2,3
75,2,35,1,3,4,26,36,3.045454545,6,3,No_Sex,1,2
75,2,35,1,3,4,26,36,3.045454545,6,4,Sex,1,4
75,2,35,1,3,4,26,36,3.045454545,6,5,No_Sex,1,4
75,2,35,1,3,4,26,36,3.045454545,6,6,No_Sex,4,4
75,2,35,1,3,4,26,36,3.045454545,6,7,Sex,1,3
75,2,35,1,3,4,26,36,3.045454545,6,8,No_Sex,1,4
75,2,35,1,3,4,26,36,3.045454545,6,9,No_Sex,2,2
75,2,35,1,3,4,26,36,3.045454545,6,10,Sex,1,2
76,1,22,1,3,3,20,46,3.087412587,10,1,Sex,5,4
76,1,22,1,3,3,20,46,3.087412587,10,2,Sex,4,2
76,1,22,1,3,3,20,46,3.087412587,10,3,No_Sex,1,4
76,1,22,1,3,3,20,46,3.087412587,10,4,Sex,1,4
76,1,22,1,3,3,20,46,3.087412587,10,5,No_Sex,1,5
76,1,22,1,3,3,20,46,3.087412587,10,6,No_Sex,2,4
76,1,22,1,3,3,20,46,3.087412587,10,7,Sex,1,1
76,1,22,1,3,3,20,46,3.087412587,10,8,No_Sex,2,4
76,1,22,1,3,3,20,46,3.087412587,10,9,No_Sex,4,1
76,1,22,1,3,3,20,46,3.087412587,10,10,Sex,1,4
77,2,25,3,8,4,26,34,3.863636364,3,1,Sex,4,5
77,2,25,3,8,4,26,34,3.863636364,3,2,Sex,4,3
77,2,25,3,8,4,26,34,3.863636364,3,3,No_Sex,4,3
77,2,25,3,8,4,26,34,3.863636364,3,4,Sex,4,4
77,2,25,3,8,4,26,34,3.863636364,3,5,No_Sex,2,4
77,2,25,3,8,4,26,34,3.863636364,3,6,No_Sex,3,3
77,2,25,3,8,4,26,34,3.863636364,3,7,Sex,3,4
77,2,25,3,8,4,26,34,3.863636364,3,8,No_Sex,2,3
77,2,25,3,8,4,26,34,3.863636364,3,9,No_Sex,3,2
77,2,25,3,8,4,26,34,3.863636364,3,10,Sex,1,4
78,2,19,1,3,2,20,36,2.667832168,8,1,Sex,5,4
78,2,19,1,3,2,20,36,2.667832168,8,2,Sex,1,3
78,2,19,1,3,2,20,36,2.667832168,8,3,No_Sex,1,4
78,2,19,1,3,2,20,36,2.667832168,8,4,Sex,1,4
78,2,19,1,3,2,20,36,2.667832168,8,5,No_Sex,2,2
78,2,19,1,3,2,20,36,2.667832168,8,6,No_Sex,4,4
78,2,19,1,3,2,20,36,2.667832168,8,7,Sex,1,4
78,2,19,1,3,2,20,36,2.667832168,8,8,No_Sex,1,4
78,2,19,1,3,2,20,36,2.667832168,8,9,No_Sex,3,4
78,2,19,1,3,2,20,36,2.667832168,8,10,Sex,1,3
79,1,21,1,3,4,24,35,3.548951049,9,1,Sex,4,3
79,1,21,1,3,4,24,35,3.548951049,9,2,Sex,1,2
79,1,21,1,3,4,24,35,3.548951049,9,3,No_Sex,1,4
79,1,21,1,3,4,24,35,3.548951049,9,4,Sex,1,3
79,1,21,1,3,4,24,35,3.548951049,9,5,No_Sex,2,4
79,1,21,1,3,4,24,35,3.548951049,9,6,No_Sex,3,4
79,1,21,1,3,4,24,35,3.548951049,9,7,Sex,1,2
79,1,21,1,3,4,24,35,3.548951049,9,8,No_Sex,1,4
79,1,21,1,3,4,24,35,3.548951049,9,9,No_Sex,3,3
79,1,21,1,3,4,24,35,3.548951049,9,10,Sex,1,3
80,2,26,1,3,4,54,38,3.559440559,8,1,Sex,5,3
80,2,26,1,3,4,54,38,3.559440559,8,2,Sex,2,3
80,2,26,1,3,4,54,38,3.559440559,8,3,No_Sex,1,4
80,2,26,1,3,4,54,38,3.559440559,8,4,Sex,1,3
80,2,26,1,3,4,54,38,3.559440559,8,5,No_Sex,2,4
80,2,26,1,3,4,54,38,3.559440559,8,6,No_Sex,3,3
80,2,26,1,3,4,54,38,3.559440559,8,7,Sex,1,3
80,2,26,1,3,4,54,38,3.559440559,8,8,No_Sex,1,4
80,2,26,1,3,4,54,38,3.559440559,8,9,No_Sex,4,4
80,2,26,1,3,4,54,38,3.559440559,8,10,Sex,2,5
81,1,53,1,3,2,18,33,2.111888112,8,1,Sex,3,3
81,1,53,1,3,2,18,33,2.111888112,8,2,Sex,2,3
81,1,53,1,3,2,18,33,2.111888112,8,3,No_Sex,1,3
81,1,53,1,3,2,18,33,2.111888112,8,4,Sex,1,3
81,1,53,1,3,2,18,33,2.111888112,8,5,No_Sex,1,3
81,1,53,1,3,2,18,33,2.111888112,8,6,No_Sex,4,3
81,1,53,1,3,2,18,33,2.111888112,8,7,Sex,1,3
81,1,53,1,3,2,18,33,2.111888112,8,8,No_Sex,1,4
81,1,53,1,3,2,18,33,2.111888112,8,9,No_Sex,1,2
81,1,53,1,3,2,18,33,2.111888112,8,10,Sex,1,3
82,1,32,1,3,5,44,30,2.437062937,3,1,Sex,2,5
82,1,32,1,3,5,44,30,2.437062937,3,2,Sex,1,3
82,1,32,1,3,5,44,30,2.437062937,3,3,No_Sex,1,3
82,1,32,1,3,5,44,30,2.437062937,3,4,Sex,1,4
82,1,32,1,3,5,44,30,2.437062937,3,5,No_Sex,1,3
82,1,32,1,3,5,44,30,2.437062937,3,6,No_Sex,4,3
82,1,32,1,3,5,44,30,2.437062937,3,7,Sex,1,4
82,1,32,1,3,5,44,30,2.437062937,3,8,No_Sex,3,4
82,1,32,1,3,5,44,30,2.437062937,3,9,No_Sex,3,3
82,1,32,1,3,5,44,30,2.437062937,3,10,Sex,1,3
